ellipsis-2-lines,g-chip-counter-plain
Ardene,15 offers
Arezzo,4 offers
Argos,5 offers
Armani,5 offers
Asda,9 offers
Asics,5 offers
Assaí Atacadista,8 offers
Astratex,1 offer
Athleta,4 offers
Athlete's Co,30 offers
Atrapalo,6 offers
Attica,2 offers
Auchan,22 offers
AutoZone,5 offers
Autobarn,7 offers
Avenue des Parfums,2 offers
Avolta,5 offers
B-Card,8 offers
BAUR,4 offers
BBZ,5 offers
BCF,4 offers
BDFUGUE,3 offers
BEST DENKI,5 offers
BIG W,5 offers
BIRKENSTOCK,34 offers
BWS,5 offers
Babbel,2 offers
Babin's Seafood House,6 offers
Baby Depot At Burlington,6 offers
Babyshop,30 offers
Babywalz,9 offers
Baccarat,5 offers
Bacio di Latte,4 offers
Bahama Breeze,2 offers
Bakers Square,5 offers
Banana Republic,5 offers
Barnes and Noble,14 offers
Bass Pro Shops,7 offers
Bath And Body Works,4 offers
Beauty BBQ,4 offers
Bee.pl,3 offers
Belk,2 offers
Bennet,8 offers
Best Buy,39 offers
Beverly Hills Polo Club,30 offers
Biedronka,3 offers
Bier Markt,5 offers
Bill's Bar & Burger,6 offers
